Game,Console,Developer,Publisher,Release_Date,Sales
Super Mario Bros. †,NES,Nintendo R&D4,Nintendo,"September 13, 1985",40240000
Duck Hunt †,NES,Nintendo R&D1,Nintendo,"April 21, 1984",28310000
Super Mario Bros. 3 †,NES,Nintendo R&D4,Nintendo,"October 23, 1988",18000000
Tetris,NES,Nintendo R&D1,Nintendo,November 1989,8000000
Super Mario Bros. 2 (international version),NES,Nintendo R&D4,Nintendo,"October 9, 1988",7460000
The Legend of Zelda,NES,Nintendo R&D4,Nintendo,"February 21, 1986",6510000
Dr. Mario,NES,Nintendo R&D1,Nintendo,"July 27, 1990",4850000
Zelda II: The Adventure of Link,NES,Nintendo R&D4,Nintendo,"January 14, 1987",4380000
Excitebike,NES,Nintendo R&D1,Nintendo,"November 30, 1984",4160000
Golf,NES,Nintendo R&D1,Nintendo,"May 1, 1984",4010000
Teenage Mutant Ninja Turtles †,NES,Konami,JP: KonamiNA: Ultra Games,"May 12, 1989",4000000
Dragon Quest III,NES,Chunsoft,Enix,"February 10, 1988",3895000
Kung Fu,NES,Nintendo R&D1,Nintendo,"October 18, 1985",3500000
Baseball,NES,Nintendo R&D1,Nintendo,"December 7, 1983",3200000
Dragon Quest IV,NES,Chunsoft,Enix,"February 11, 1990",3180000
World Class Track Meet †,NES,TRY Co.,Nintendo,"December 23, 1986",3080000
Punch-Out!!,NES,Nintendo R&D3,Nintendo,"September 18, 1987",3000000
Metroid,NES,Nintendo R&D1[c],Nintendo,"August 6, 1986",2730000
Super Mario Bros. 2 (Japanese version),NES,Nintendo R&D4,Nintendo,"June 3, 1986",2650000
Dragon Quest II,NES,Chunsoft,Enix,"January 26, 1987",2550000
Ice Hockey,NES,Nintendo R&D2,Nintendo,"January 21, 1988",2420000
Pro Wrestling,NES,Nintendo R&D3,Nintendo,"October 13, 1986",2400000
Mario Bros.,NES,Nintendo R&D1,Nintendo,"September 9, 1983",2280000
Tennis,NES,Nintendo R&D1[d],Nintendo,"January 14, 1984",2170000
Volleyball,NES,Nintendo R&D3,Nintendo,"July 21, 1986",2150000
Mahjong,NES,Nintendo R&D1,Nintendo,"August 27, 1983",2140000
R.C. Pro-Am,NES,Rare,Nintendo,February 1988,2140000
Pro Yakyū Family Stadium (R.B.I. Baseball),NES,Namco,Namco,"December 10, 1986",2050000
Dragon Quest,NES,Chunsoft,JP: EnixNA: Nintendo,"May 27, 1986",2000000
Top Gun,NES,Konami,Konami,November 1987,2000000
Soccer,NES,Intelligent Systems,Nintendo,"April 9, 1985",1960000
Rad Racer,NES,Square,JP: SquareNA: NintendoEU: Mattel,"August 7, 1987",1960000
Pinball,NES,Nintendo R&D1,Nintendo,"February 2, 1984",1850000
Kid Icarus,NES,Nintendo R&D1Tose,Nintendo,"December 19, 1986",1760000
Yoshi,NES,Game Freak,Nintendo,"December 14, 1991",1750000
Kirby's Adventure,NES,HAL Laboratory,Nintendo,"March 23, 1993",1750000
DuckTales,NES,Capcom,Capcom,"September 14, 1989",1670000
Ghosts 'n Goblins,NES,CapcomMicronics,Capcom,"June 13, 1986",1640000
Bases Loaded,NES,Tose,Jaleco,"June 26, 1987",1580000
Donkey Kong Classics,NES,Nintendo R&D1,Nintendo,October 1988,1560000
F-1 Race,NES,HAL Laboratory,Nintendo,"November 2, 1984",1520000
Mega Man 2,NES,Capcom,Capcom,"December 24, 1988",1510000
Lode Runner,NES,Hudson Soft,BrøderbundHudson Soft,"July 31, 1984",1500000
Xevious,NES,Namco,JP: NamcoNA: Bandai,"November 8, 1984",1500000
Ice Climber,NES,Nintendo R&D1,Nintendo,"January 30, 1985",1500000
Ninja Hattori-kun,NES,Hudson Soft,Hudson Soft,"March 5, 1986",1500000
Mighty Bomb Jack,NES,Tecmo,Tecmo,"April 24, 1986",1500000
Nintendo World Cup,NES,Technōs Japan,JP: Technōs JapanNA/EU: Nintendo,"May 18, 1990",1480000
4 Nin Uchi Mahjong,NES,Hudson Soft,Nintendo,"November 2, 1984",1450000
Final Fantasy III,NES,Square,Square,"April 27, 1990",1400000
Gyromite †,NES,Nintendo R&D1,Nintendo,"August 13, 1985",1320000
Final Fantasy,NES,Square,Square,"December 18, 1987",1300000
Pro Yakyū Family Stadium '87,NES,Namco,Namco,"December 22, 1987",1300000
Hogan's Alley,NES,Nintendo R&D1,Nintendo,"June 12, 1984",1270000
Ninja Kid,NES,Tose,Bandai,"April 17, 1986",1250000
Dragon Power,NES,Tose,Bandai,"November 27, 1986",1250000
TwinBee,NES,Konami,Konami,"January 7, 1986",1200000
Ganbare Goemon! Karakuri Dōchū,NES,Konami,Konami,"July 30, 1986",1200000
Chip 'n Dale Rescue Rangers,NES,Capcom,Capcom,"June 8, 1990",1200000
Doraemon,NES,Hudson Soft,Hudson Soft,"December 12, 1986",1150000
Commando,NES,Capcom,Capcom,"September 27, 1986",1140000
Donkey Kong,NES,Nintendo R&D1,Nintendo,"July 15, 1983",1130000
Yoshi's Cookie,NES,Tose,Nintendo,"November 21, 1992",1120000
Donkey Kong Jr.,NES,Nintendo R&D1,Nintendo,"July 15, 1983",1110000
Popeye,NES,Nintendo R&D1,Nintendo,"July 15, 1983",1100000
Pro Yakyū Family Stadium '88,NES,Namco,Namco,"December 20, 1988",1080000
Mega Man 3,NES,Capcom,Capcom,"September 28, 1990",1080000
Famicom Jump: Hero Retsuden,NES,Tose,Bandai,"February 15, 1989",1060000
Tag Team Match: MUSCLE,NES,Tose,Bandai,"November 8, 1985",1050000
Adventure Island,NES,Hudson Soft,Hudson Soft,"September 12, 1986",1050000
Ninja JaJaMaru-kun,NES,Jaleco,Jaleco,"November 15, 1985",1000000
1942,NES,CapcomMicronics,Capcom,"December 11, 1985",1000000
Bomberman,NES,Hudson Soft,Hudson Soft,"December 20, 1985",1000000
Hydlide,NES,T&E Soft,JP: Toshiba EMINA: FCI,"March 18, 1986",1000000
Gradius,NES,Konami,Konami,"April 25, 1986",1000000
Tiger Heli,NES,Micronics,JP: Pony CanyonNA/EU: Acclaim Entertainment,"December 5, 1986",1000000
Metal Gear,NES,Konami,JP: KonamiNA: Ultra Games,"December 22, 1987",1000000
NES Open Tournament Golf,NES,Nintendo R&D2,Nintendo,"September 20, 1991",1000000
Super Mario World †,SNES,Nintendo EAD,Nintendo,"November 21, 1990",20610000
Super Mario All-Stars †,SNES,Nintendo EAD,Nintendo,"July 14, 1993",10550000
Donkey Kong Country †,SNES,Rare,Nintendo,"November 21, 1994",9300000
Super Mario Kart †,SNES,Nintendo EAD,Nintendo,"August 27, 1992",8760000
Street Fighter II: The World Warrior †,SNES,Capcom,Capcom,"June 10, 1992",6300000
Donkey Kong Country 2: Diddy's Kong Quest †,SNES,Rare,Nintendo,"November 20, 1995",5150000
The Legend of Zelda: A Link to the Past †,SNES,Nintendo EAD,Nintendo,"November 21, 1991",4610000
Super Mario World 2: Yoshi's Island †,SNES,Nintendo EAD,Nintendo,"August 5, 1995",4120000
Street Fighter II Turbo,SNES,Capcom,Capcom,"July 11, 1993",4100000
Star Fox †,SNES,Nintendo EADArgonaut Software,Nintendo,"February 21, 1993",4000000
Donkey Kong Country 3: Dixie Kong's Double Trouble!,SNES,Rare,Nintendo,"November 22, 1996",3510000
Final Fantasy VI,SNES,Square,Square,"April 2, 1994",3420000
Killer Instinct †,SNES,Rare,Nintendo,"August 30, 1995",3200000
Dragon Quest VI,SNES,Heartbeat,Enix,"December 9, 1995",3200000
F-Zero †,SNES,Nintendo EAD,Nintendo,"November 21, 1990",2850000
Dragon Quest V,SNES,Chunsoft,Enix,"September 27, 1992",2800000
Chrono Trigger,SNES,Square,Square,"March 11, 1995",2500000
Final Fantasy V,SNES,Square,Square,"December 6, 1992",2450000
Mario Paint †,SNES,Nintendo R&D1,Nintendo,"July 14, 1992",2310000
Super Mario RPG,SNES,Square,Nintendo,"March 9, 1996",2140000
Pilotwings,SNES,Nintendo EAD,Nintendo,"December 21, 1990",2000000
Super Street Fighter II,SNES,Capcom,Capcom,"June 25, 1994",2000000
SimCity,SNES,Nintendo EAD,Nintendo,"April 26, 1991",1980000
Secret of Mana,SNES,Square,Square,"August 6, 1993",1830000
Final Fantasy IV,SNES,Square,Square,"July 19, 1991",1800000
Disney's Aladdin,SNES,Capcom,Capcom,"November 26, 1993",1750000
Super Puyo Puyo,SNES,Compile,Banpresto,"December 10, 1993",1700000
Super Scope 6,SNES,Nintendo R&D1,Nintendo,February 1992,1650000
Mortal Kombat II,SNES,Sculptured Software,Acclaim Entertainment,"September 9, 1994",1510000
Romancing SaGa 2,SNES,Square,Square,"December 10, 1993",1490000
Final Fight,SNES,Capcom,Capcom,"December 21, 1990",1480000
Dragon Ball Z: Super Butōden,SNES,Tose,Bandai,"March 20, 1993",1450000
Kirby Super Star †,SNES,HAL Laboratory,Nintendo,"March 21, 1996",1440000
Super Metroid,SNES,Nintendo R&D1Intelligent Systems,Nintendo,"March 19, 1994",1420000
Dragon Quest III,SNES,Heartbeat,Enix,"December 6, 1996",1400000
Romancing SaGa,SNES,Square,Square,"January 28, 1992",1320000
Wonder Project J,SNES,Almanic Corporation,Enix,"December 9, 1994",1300000
Romancing SaGa 3,SNES,Square,Square,"November 11, 1995",1300000
The Lion King,SNES,Westwood Studios,Virgin Interactive,"December 8, 1994",1270000
NBA Jam,SNES,Iguana Entertainment,Acclaim Entertainment,"March 4, 1994",1220000
Mortal Kombat 3,SNES,Sculptured Software,Acclaim Entertainment,"October 13, 1995",1220000
The Magical Quest Starring Mickey Mouse,SNES,Capcom,Capcom,"November 20, 1992",1210000
Dragon Quest I & II,SNES,Chunsoft,Enix,"December 18, 1993",1200000
Derby Stallion III,SNES,ASCII Entertainment,Nintendo,"January 20, 1995",1200000
Mega Man X,SNES,Capcom,Capcom,"December 17, 1993",1160000
Dragon Ball Z: Super Butōden 2,SNES,Tose,Bandai,"December 17, 1993",1150000
Derby Stallion '96,SNES,ASCII Entertainment,Nintendo,"March 15, 1996",1100000
Super Ghouls 'n Ghosts,SNES,Capcom,Capcom,"October 4, 1991",1090000
Final Fight 2,SNES,Capcom,Capcom,"May 22, 1993",1030000
Super Tetris 2 + Bombliss,SNES,Bullet-Proof Software,Tose,"December 18, 1992",1000000
Tetris 2,SNES,Bullet-Proof Software,Nintendo,"July 8, 1994",1000000
Space Invaders: The Original Game,SNES,Taito,Taito,"March 25, 1994",1000000
Super Star Wars,SNES,Sculptured SoftwareLucasArts,JVC Musical Industries,"November 1, 1992",1000000
Super Bomberman 2,SNES,Produce!,Hudson Soft,"April 28, 1994",1000000
Super Mario 64 †,N64,Nintendo EAD,Nintendo,"June 23, 1996",11910000
Mario Kart 64 †,N64,Nintendo EAD,Nintendo,"December 14, 1996",9870000
GoldenEye 007 †,N64,Rare,Nintendo,"August 25, 1997",8090000
The Legend of Zelda: Ocarina of Time †,N64,Nintendo EAD,Nintendo,"November 21, 1998",7600000
Super Smash Bros.,N64,HAL Laboratory,Nintendo,"January 21, 1999",5550000
Pokémon Stadium †,N64,Nintendo EAD,Nintendo,"April 30, 1999",5460000
Donkey Kong 64 †,N64,Rare,Nintendo,"November 22, 1999",5270000
Diddy Kong Racing,N64,Rare,Rare,"November 14, 1997",4880000
Star Fox 64,N64,Nintendo EAD,Nintendo,"April 27, 1997",4000000
Banjo-Kazooie †,N64,Rare,Nintendo,"June 29, 1998",3650000
Pokémon Snap †,N64,HAL LaboratoryPax Softonica,Nintendo,"March 21, 1999",3630000
The Legend of Zelda: Majora's Mask,N64,Nintendo EAD,Nintendo,"April 27, 2000",3360000
Star Wars Episode I: Racer †,N64,LucasArts,Nintendo,"April 30, 1999",3100000
Wave Race 64 †,N64,Nintendo EAD,Nintendo,"September 27, 1996",2940000
Yoshi's Story,N64,Nintendo EAD,Nintendo,"December 21, 1997",2850000
Mario Party,N64,Hudson Soft,Nintendo,"December 18, 1998",2700000
Star Wars: Shadows of the Empire †,N64,LucasArts,Nintendo,"December 3, 1996",2600000
Pokémon Stadium 2,N64,Nintendo EAD,Nintendo,"December 14, 2000",2540000
Perfect Dark †,N64,Rare,Rare,"May 22, 2000",2520000
Mario Party 2,N64,Hudson Soft,Nintendo,"December 17, 1999",2480000
Mario Tennis,N64,Camelot Software Planning,Nintendo,"July 21, 2000",2320000
Star Wars: Rogue Squadron,N64,Factor 5LucasArts,Nintendo,"December 7, 1998",2170000
1080° Snowboarding †,N64,Nintendo EAD,Nintendo,"February 28, 1998",2030000
Excitebike 64,N64,Left Field Productions,Nintendo,"April 30, 2000",2000000
Mario Party 3,N64,Hudson Soft,Nintendo,"December 7, 2000",1910000
WCW/nWo Revenge,N64,AKI CorporationAsmik Ace Entertainment,THQ,"October 26, 1998",1880000
"Hey You, Pikachu! †",N64,Ambrella,Nintendo,"December 12, 1998",1830000
Kirby 64: The Crystal Shards,N64,HAL Laboratory,Nintendo,"March 24, 2000",1770000
Cruis'n USA,N64,Williams,Nintendo,"December 3, 1996",1720000
Tony Hawk's Pro Skater,N64,Edge of Reality,Activision,"February 29, 2000",1610000
F-1 World Grand Prix †,N64,Paradigm Entertainment,Nintendo,"July 31, 1998",1600000
Turok: Dinosaur Hunter,N64,Iguana Entertainment,Acclaim Entertainment,"March 4, 1997",1500000
Banjo-Tooie,N64,Rare,Nintendo,"November 20, 2000",1490000
Mario Golf,N64,Camelot Software Planning,Nintendo,"June 11, 1999",1470000
Turok 2: Seeds of Evil,N64,Iguana Entertainment,Acclaim Entertainment,"October 21, 1998",1400000
Paper Mario,N64,Intelligent Systems,Nintendo,"August 11, 2000",1370000
WCW vs. nWo: World Tour,N64,AKI CorporationAsmik Ace Entertainment,THQ,"November 30, 1997",1300000
Kobe Bryant in NBA Courtside,N64,Left Field Productions,Nintendo,"April 27, 1998",1190000
WWF No Mercy,N64,AKI CorporationAsmik Ace Entertainment,THQ,"November 17, 2000",1190000
Jet Force Gemini,N64,Rare,Rare,"October 11, 1999",1160000
WWF WrestleMania 2000,N64,AKI CorporationAsmik Ace Entertainment,THQ,"October 12, 1999",1140000
Pilotwings 64,N64,Nintendo EADNintendo R&D3Paradigm Entertainment,Nintendo,"June 23, 1996",1120000
F-Zero X,N64,Nintendo EAD,Nintendo,"July 14, 1998",1100000
Pocket Monsters' Stadium,N64,Nintendo EADHAL Laboratory,Nintendo,"August 1, 1998",1094765
007: The World Is Not Enough,N64,Eurocom,Electronic Arts,"October 17, 2000",1080000
Namco Museum 64,N64,Mass Media Games,Namco,"October 31, 1999",1040000
Bomberman 64,N64,Hudson Soft,JP: Hudson SoftWW: Nintendo,"September 26, 1997",1000000
Bomberman Hero,N64,A.I,JP: Hudson SoftWW: Nintendo,"April 30, 1998",1000000
Waialae Country Club: True Golf Classics,N64,T&E Soft,Nintendo,"July 27, 1998",1000000
Super Smash Bros. Melee,GC,HAL Laboratory,Nintendo,"November 21, 2001",7410000
Mario Kart: Double Dash,GC,Nintendo EAD,Nintendo,"November 7, 2003",6960000
Super Mario Sunshine,GC,Nintendo EAD,Nintendo,"July 19, 2002",5910000
The Legend of Zelda: The Wind Waker,GC,Nintendo EAD,Nintendo,"December 13, 2002",4430000
Luigi's Mansion,GC,Nintendo EAD,Nintendo,"September 14, 2001",3330000
Metroid Prime,GC,Retro Studios,Nintendo,"November 17, 2002",2840000
Animal Crossing,GC,Nintendo EAD,Nintendo,"December 14, 2001",2710000
Mario Party 4,GC,Hudson Soft,Nintendo,"October 21, 2002",2460000
Pokémon Colosseum,GC,Genius Sonority,NintendoThe Pokémon Company,"November 21, 2003",2410000
Mario Party 5,GC,Hudson Soft,Nintendo,"November 10, 2003",2170000
Mario Party 7,GC,Hudson Soft,Nintendo,"November 7, 2005",2080000
Paper Mario: The Thousand-Year Door,GC,Intelligent Systems,Nintendo,"July 22, 2004",1910000
Star Fox Adventures,GC,Rare,Nintendo,"September 23, 2002",1820000
Sonic Adventure 2: Battle,GC,Sonic Team USA,Sega,"December 20, 2001",1730000
Mario Party 6,GC,Hudson Soft,Nintendo,"November 18, 2004",1630000
Pikmin,GC,Nintendo EAD,Nintendo,"October 26, 2001",1600000
Resident Evil 4,GC,Capcom Production Studio 4,Capcom,"January 11, 2005",1600000
Sonic Adventure DX: Director's Cut,GC,Sonic Team,Sega,"June 18, 2003",1600000
Super Mario Strikers,GC,Next Level Games,Nintendo,"November 18, 2005",1600000
The Legend of Zelda: Twilight Princess,GC,Nintendo EAD,Nintendo,"December 2, 2006",1430000
Pokémon XD: Gale of Darkness,GC,Genius Sonority,NintendoThe Pokémon Company,"August 4, 2005",1420000
Sonic Heroes,GC,Sonic Team,Sega,"December 30, 2003",1420000
Sonic Mega Collection,GC,Sonic Team,Sega,"November 10, 2002",1370000
Resident Evil,GC,Capcom Production Studio 4,Capcom,"March 22, 2002",1350000
Kirby Air Ride,GC,HAL Laboratory,Nintendo,"July 11, 2003",1350000
Final Fantasy Crystal Chronicles,GC,The Game Designers Studio,Nintendo,"August 8, 2003",1300000
Mario Golf: Toadstool Tour,GC,Camelot Software Planning,Nintendo,"July 28, 2003",1270000
Resident Evil Zero,GC,Capcom,Capcom,"November 12, 2002",1250000
Donkey Konga,GC,Namco,Nintendo,"December 12, 2003",1180000
Mario Power Tennis,GC,Camelot Software Planning,Nintendo,"October 28, 2004",1160000
Star Wars Rogue Squadron II: Rogue Leader,GC,Factor 5,LucasArts,"November 18, 2001",1130000
Pikmin 2,GC,Nintendo EAD,Nintendo,"April 29, 2004",1120000
Metroid Prime 2: Echoes,GC,Retro Studios,Nintendo,"November 15, 2004",1100000
Soulcalibur II,GC,Namco,Namco,"March 27, 2003",1090000
Star Fox: Assault,GC,Namco,Nintendo,"February 14, 2005",1060000
Mario Superstar Baseball,GC,Namco,Nintendo,"July 21, 2005",1050000
Sonic Gems Collection,GC,Sonic Team,Sega,"August 11, 2005",1000000
Wii Sports †,Wii,Nintendo EAD (Group 2),Nintendo,"November 19, 2006",82900000
Mario Kart Wii †,Wii,Nintendo EAD (Group 1),Nintendo,"April 10, 2008",37380000
Wii Sports Resort †,Wii,Nintendo EAD (Group 2),Nintendo,"June 25, 2009",33140000
New Super Mario Bros. Wii †,Wii,Nintendo EAD (Group 4),Nintendo,"November 12, 2009",30320000
Wii Play,Wii,Nintendo EAD (Group 2),Nintendo,"December 2, 2006",28020000
Wii Fit,Wii,Nintendo EAD (Group 5),Nintendo,"December 1, 2007",22670000
Wii Fit Plus,Wii,Nintendo EAD (Group 5),Nintendo,"October 1, 2009",21130000
Super Smash Bros. Brawl,Wii,Sora Ltd.ad hoc development team[c],Nintendo,"January 31, 2008",13320000
Super Mario Galaxy,Wii,Nintendo EAD (Group 1),Nintendo,"November 1, 2007",12800000
Just Dance 3,Wii,Ubisoft Paris,Ubisoft,"October 7, 2011",9920000
Wii Party,Wii,Nd CubeNintendo SPD (Group 4),Nintendo,"July 8, 2010",9350000
Mario Party 8,Wii,Hudson Soft,Nintendo,"May 29, 2007",8850000
The Legend of Zelda: Twilight Princess,Wii,Nintendo EAD (Group 3),Nintendo,"November 19, 2006",7500000
Super Mario Galaxy 2,Wii,Nintendo EAD (Group 1),Nintendo,"May 23, 2010",7410000
Mario & Sonic at the Olympic Games,Wii,Sega Sports R&D,JP: NintendoNA/PAL: Sega,"November 6, 2007",7090000
Donkey Kong Country Returns,Wii,Retro Studios,Nintendo,"November 21, 2010",6530000
Mario & Sonic at the Olympic Winter Games,Wii,Sega Sports R&D,JP: NintendoNA/PAL: Sega,"November 5, 2009",6530000
Link's Crossbow Training,Wii,Nintendo EAD (Group 3),Nintendo,"November 19, 2007",5790000
Lego Star Wars: The Complete Saga,Wii,Traveller's Tales,LucasArts,"November 6, 2007",5510000
Just Dance 2,Wii,Ubisoft Paris,Ubisoft,"October 12, 2010",5000000
Animal Crossing: City Folk,Wii,Nintendo EAD (Group 2),Nintendo,"November 16, 2008",4320000
Just Dance,Wii,Ubisoft Paris,Ubisoft,"November 17, 2009",4300000
Super Paper Mario,Wii,Intelligent Systems,Nintendo,"April 9, 2007",4230000
The Legend of Zelda: Skyward Sword,Wii,Nintendo EAD (Group 3),Nintendo,"November 18, 2011",3670000
Big Brain Academy: Wii Degree,Wii,Nintendo EAD (Group 4),Nintendo,"April 26, 2007",3340000
Mario Party 9,Wii,Nd Cube,Nintendo,"March 2, 2012",3110000
Wii Music,Wii,Nintendo EAD (Group 2),Nintendo,"October 16, 2008",2860000
Mario Strikers Charged,Wii,Next Level Games,Nintendo,"May 25, 2007",2600000
Mario & Sonic at the London 2012 Olympic Games,Wii,Sega Sports R&D,JP: NintendoNA/PAL: Sega,"November 13, 2011",2400000
WarioWare: Smooth Moves,Wii,Nintendo SPD (Group 1)Intelligent Systems,Nintendo,"December 2, 2006",2350000
Mario Super Sluggers,Wii,Bandai Namco GamesNow Production,Nintendo,"June 19, 2008",2320000
Super Mario All-Stars: 25th Anniversary Edition,Wii,Nintendo EAD,Nintendo,"October 21, 2010",2240000
Sonic Colors,Wii,Sonic Team,Sega,"November 16, 2010",2180000
Guitar Hero III: Legends of Rock,Wii,Vicarious Visions,Activision,"October 28, 2007",2000000
Michael Jackson: The Experience,Wii,Ubisoft Paris,Ubisoft,"November 6, 2010",2000000
Resident Evil 4: Wii Edition,Wii,Capcom,JP/NA/EU: CapcomAU: Nintendo Australia,"May 31, 2007",2000000
Deca Sports,Wii,Hudson Soft,JP/NA: Hudson SoftEU: Konami,"April 16, 2009",2000000
Epic Mickey,Wii,Junction Point Studios,Disney Interactive StudiosJP: Nintendo,"November 25, 2010",2000000
Game Party,Wii,FarSight Studios,Midway Games,"November 27, 2007",2000000
Mario Sports Mix,Wii,Square EnixNintendo SPD (Group 4),Nintendo,"November 25, 2010",1980000
Pokémon Battle Revolution,Wii,Genius Sonority,Nintendo,"December 14, 2006",1950000
Kirby's Return to Dream Land,Wii,HAL Laboratory,Nintendo,"October 24, 2011",1930000
Monster Hunter Tri,Wii,Capcom Production Studio 1,Capcom,"August 1, 2009",1900000
Kirby's Epic Yarn,Wii,Good-FeelHAL Laboratory,Nintendo,"October 14, 2010",1850000
EA Sports Active,Wii,EA Canada,Electronic Arts,"May 19, 2009",1800000
New Play Control! Mario Power Tennis,Wii,Camelot Software Planning,Nintendo,"January 15, 2009",1790000
Carnival Games,Wii,Cat Daddy Games,Global Star Software,"August 27, 2007",1500000
Metroid Prime 3: Corruption,Wii,Retro StudiosNintendo,Nintendo,"August 27, 2007",1410000
Guitar Hero World Tour,Wii,Vicarious Visions,Activision,"October 26, 2008",1330000
Resident Evil: The Umbrella Chronicles,Wii,CapcomCavia,JP/NA/EU: CapcomAU: Nintendo Australia,"November 13, 2007",1300000
Wii Play: Motion,Wii,Various[d],Nintendo,"June 13, 2011",1260000
PokéPark Wii: Pikachu's Adventure,Wii,Creatures Inc.,NintendoThe Pokémon Company,"December 5, 2009",1250000
Rayman Raving Rabbids,Wii,Ubisoft Montpellier,Ubisoft,"November 19, 2006",1200000
We Ski,Wii,Bandai Namco Games,Bandai Namco Games,"January 31, 2008",1200000
Big Beach Sports,Wii,HB Studios,THQ,"June 24, 2008",1200000
Punch-Out!!,Wii,Next Level Games,Nintendo,"July 23, 2009",1140000
Wario Land: Shake It!,Wii,Good-Feel,Nintendo,"July 24, 2008",1060000
Active Life: Outdoor Challenge,Wii,h.a.n.d.,Bandai Namco Games,"May 29, 2008",1030000
Call of Duty: World at War,Wii,Treyarch,Activision,"November 10, 2008",1000000
Red Steel,Wii,Ubisoft Paris,Ubisoft,"November 19, 2006",1000000
Rock Band,Wii,Pi Studios,MTV GamesElectronic Arts,"June 22, 2008",1000000
Zumba Fitness,Wii,Pipeworks Software,Majesco Entertainment505 Games,"November 18, 2010",1000000
Super Mario Bros. 3[e],Wii,Nintendo EAD,Nintendo,"November 5, 2007",1000000
Game Party 2,Wii,FarSight Studios,Midway Games,"October 6, 2008",1000000
Mario Kart 8 † *,WiiU,Nintendo EAD,Nintendo,"May 29, 2014",8460000
Super Mario 3D World † *,WiiU,Nintendo EAD1-Up Studio,Nintendo,"November 21, 2013",5890000
New Super Mario Bros. U † *,WiiU,Nintendo EAD,Nintendo,"November 18, 2012",5820000
Super Smash Bros. for Wii U †,WiiU,Sora Ltd.Bandai Namco Entertainment,Nintendo,"November 21, 2014",5380000
Nintendo Land †,WiiU,Nintendo EAD,Nintendo,"November 18, 2012",5210000
Splatoon †,WiiU,Nintendo EAD,Nintendo,"May 28, 2015",4950000
Super Mario Maker † #,WiiU,Nintendo EAD,Nintendo,"September 11, 2015",4019999
New Super Luigi U † *,WiiU,Nintendo EAD,Nintendo,"June 19, 2013[b]",3070000
The Legend of Zelda: The Wind Waker HD †,WiiU,Nintendo EAD,Nintendo,"September 20, 2013",2370000
Mario Party 10,WiiU,NDcubeNintendo SPD,Nintendo,"March 12, 2015",2270000
Donkey Kong Country: Tropical Freeze * #,WiiU,Retro Studios,Nintendo,"February 21, 2014",2020000
Wii Party U †,WiiU,NDcubeNintendo SPD,Nintendo,"October 25, 2013",1790000
The Legend of Zelda: Breath of the Wild *,WiiU,Nintendo EPD,Nintendo,"March 3, 2017",1700000
Yoshi's Woolly World #,WiiU,Good-Feel,Nintendo,"June 25, 2015",1570000
Captain Toad: Treasure Tracker * #,WiiU,Nintendo EAD,Nintendo,"November 13, 2014",1370000
Pikmin 3 *,WiiU,Nintendo EAD,Nintendo,"July 13, 2013",1280000
The Legend of Zelda: Twilight Princess HD,WiiU,Tantalus Media,Nintendo,"March 4, 2016",1170000
Lego City Undercover *,WiiU,TT Fusion,Nintendo,"March 18, 2013",1150000
Hyrule Warriors * #,WiiU,Omega ForceTeam Ninja,JP: Koei TecmoWW: Nintendo,"August 14, 2014",1000000
Pokkén Tournament † *,WiiU,Bandai Namco Studios,JP: The Pokémon CompanyWW: Nintendo,"March 18, 2016",1000000
Mario Kart 8 Deluxe,Switch,Nintendo EPD,Nintendo,"April 28, 2017",60580000
Animal Crossing: New Horizons,Switch,Nintendo EPD,Nintendo,"March 20, 2020",44790000
Super Smash Bros. Ultimate,Switch,Bandai Namco StudiosSora Ltd.,Nintendo,"December 7, 2018",33670000
The Legend of Zelda: Breath of the Wild,Switch,Nintendo EPD,Nintendo,"March 3, 2017",31610000
Super Mario Odyssey,Switch,Nintendo EPD,Nintendo,"October 27, 2017",27650000
Pokémon Sword and Shield,Switch,Game Freak,The Pokémon CompanyNintendo,"November 15, 2019",26170000
Pokémon Scarlet and Violet,Switch,Game Freak,The Pokémon CompanyNintendo,"November 18, 2022",24360000
Super Mario Party,Switch,NDcube,Nintendo,"October 5, 2018",20340000
The Legend of Zelda: Tears of the Kingdom,Switch,Nintendo EPD,Nintendo,"May 12, 2023",20280000
New Super Mario Bros. U Deluxe,Switch,Nintendo EPD,Nintendo,"January 11, 2019",17200000
Ring Fit Adventure,Switch,Nintendo EPD,Nintendo,"October 18, 2019",15380000
"Pokémon: Let's Go, Pikachu! and Let's Go, Eevee!",Switch,Game Freak,The Pokémon CompanyNintendo,"November 16, 2018",15070000
Pokémon Brilliant Diamond and Shining Pearl,Switch,ILCA,The Pokémon CompanyNintendo,"November 19, 2021",15060000
Pokémon Legends: Arceus,Switch,Game Freak,The Pokémon CompanyNintendo,"January 28, 2022",14830000
Luigi's Mansion 3,Switch,Next Level Games,Nintendo,"October 31, 2019",13980000
Splatoon 2,Switch,Nintendo EPD,Nintendo,"July 21, 2017",13600000
Super Mario 3D World + Bowser's Fury,Switch,Nintendo EPD,Nintendo,"February 12, 2021",13170000
Nintendo Switch Sports,Switch,Nintendo EPD,Nintendo,"April 29, 2022",12480000
Mario Party Superstars,Switch,NDcube,Nintendo,"October 29, 2021",12310000
Super Mario Bros. Wonder,Switch,Nintendo EPD,Nintendo,"October 20, 2023",11960000
Splatoon 3,Switch,Nintendo EPD,Nintendo,"September 9, 2022",11710000
Super Mario 3D All-Stars,Switch,Nintendo,Nintendo,"September 18, 2020",9070000
Super Mario Maker 2,Switch,Nintendo EPD,Nintendo,"June 28, 2019",8420000
Monster Hunter Rise,Switch,Capcom,Capcom,"March 26, 2021",7700000
Suika Game,Switch,Aladdin X,Aladdin X,"December 9, 2021",7000000
Kirby and the Forgotten Land,Switch,HAL Laboratory,Nintendo,"March 25, 2022",6960000
The Legend of Zelda: Link's Awakening,Switch,Grezzo,Nintendo,"September 20, 2019",6460000
Minecraft,Switch,Mojang,JP: Xbox Game StudiosNA/PAL: Mojang,"May 11, 2017",5570000
Clubhouse Games: 51 Worldwide Classics,Switch,NDcube,Nintendo,"June 5, 2020",4640000
Donkey Kong Country: Tropical Freeze,Switch,Retro Studios,Nintendo,"May 4, 2018",4620000
Mario Tennis Aces,Switch,Camelot Software Planning,Nintendo,"June 22, 2018",4500000
Kirby Star Allies,Switch,HAL Laboratory,Nintendo,"March 16, 2018",4380000
The Legend of Zelda: Skyward Sword HD,Switch,Tantalus Media,Nintendo,"July 16, 2021",4150000
Fire Emblem: Three Houses,Switch,Intelligent SystemsKoei Tecmo,Nintendo,"July 26, 2019",4120000
Hyrule Warriors: Age of Calamity,Switch,Omega Force,JP: Koei TecmoNA/PAL: Nintendo,"November 20, 2020",4000000
"Momotaro Dentetsu: Showa, Heisei, Reiwa Mo Teiban!",Switch,Konami,JP: Konami,"November 19, 2020",4000000
1-2-Switch,Switch,Nintendo EPD,Nintendo,"March 3, 2017",3740000
Paper Mario: The Origami King,Switch,Intelligent Systems,Nintendo,"July 17, 2020",3470000
Yoshi's Crafted World,Switch,Good-Feel,Nintendo,"March 29, 2019",3350000
Pikmin 4,Switch,Nintendo EPD,Nintendo,"July 21, 2023",3330000
Among Us,Switch,Innersloth,Innersloth,"December 15, 2020",3200000
Super Mario RPG,Switch,ArtePiazza,Nintendo,"November 17, 2023",3140000
Metroid Dread,Switch,MercurySteamNintendo EPD,Nintendo,"October 8, 2021",3070000
Mario + Rabbids Sparks of Hope,Switch,Ubisoft ParisUbisoft Milan,NA/PAL: Ubisoft JP: Nintendo,"October 20, 2022",3000000
New Pokémon Snap,Switch,Bandai Namco Studios,JP: The Pokémon CompanyNA/PAL: Nintendo,"April 30, 2021",2740000
Arms,Switch,Nintendo EPD,Nintendo,"June 16, 2017",2720000
Xenoblade Chronicles 2,Switch,Monolith Soft,Nintendo,"December 1, 2017",2700000
Mario Strikers: Battle League,Switch,Next Level Games,Nintendo,"June 10, 2022",2540000
Mario Golf: Super Rush,Switch,Camelot Software Planning,Nintendo,"June 25, 2021",2480000
Dragon Ball FighterZ,Switch,Arc System Works,Bandai Namco Entertainment,"September 27, 2018",2430000
Pikmin 3 Deluxe,Switch,Eighting,Nintendo,"October 30, 2020",2400000
Captain Toad: Treasure Tracker,Switch,Nintendo EPD,Nintendo,"July 13, 2018",2350000
Taiko no Tatsujin: Drum 'n' Fun!,Switch,Bandai Namco Studios,Bandai Namco Entertainment,"July 19, 2018",2270000
Octopath Traveler,Switch,Square EnixAcquire,JP: Square EnixNA/PAL: Nintendo,"July 13, 2018",2160000
Mario + Rabbids Kingdom Battle,Switch,Ubisoft ParisUbisoft Milan,NA/PAL: UbisoftJP/KOR: Nintendo[28],"August 29, 2017",2000000
Pokémon Mystery Dungeon: Rescue Team DX,Switch,Spike Chunsoft,Nintendo,"March 6, 2020",1990000
Big Brain Academy: Brain vs. Brain,Switch,"Nintendo EPD, indieszero",Nintendo,"December 3, 2021",1940000
Xenoblade Chronicles: Definitive Edition,Switch,Monolith Soft,Nintendo,"May 29, 2020",1880000
Xenoblade Chronicles 3,Switch,Monolith Soft,Nintendo,"July 29, 2022",1860000
Dragon Ball Xenoverse 2,Switch,Dimps,Bandai Namco Entertainment,"September 7, 2017",1820000
Miitopia,Switch,Grezzo,Nintendo,"May 21, 2021",1790000
Mario Kart Live: Home Circuit,Switch,Velan Studios,Nintendo,"October 16, 2020",1730000
Naruto Shippudden: Ultimate Ninja Storm Trilogy,Switch,CyberConnect2,Bandai Namco Entertainment,"July 27, 2017",1730000
Fire Emblem Engage,Switch,Intelligent Systems,Nintendo,"January 20, 2023",1610000
Marvel Ultimate Alliance 3: The Black Order,Switch,Team Ninja,Nintendo,"July 19, 2019",1600000
Pokkén Tournament DX,Switch,Bandai Namco Studios,JP: The Pokémon CompanyNA/PAL: Nintendo,"September 22, 2017",1540000
Kirby's Return to Dream Land Deluxe,Switch,HAL Laboratory,Nintendo,"February 24, 2023",1460000
Nintendo Labo Toy-Con 01: Variety Kit,Switch,Nintendo EPD,Nintendo,"April 20, 2018",1420000
Resident Evil: Revelations Collection,Switch,Capcom,Capcom,"November 27, 2017",1400000
WarioWare: Get It Together!,Switch,Intelligent Systems,Nintendo,"September 10, 2021",1340000
Astral Chain,Switch,PlatinumGames,Nintendo,"August 30, 2019",1330000
Dr Kawashima's Brain Training for Nintendo Switch,Switch,"Nintendo EPD, indieszero",Nintendo,"December 27, 2019",1270000
Bayonetta,Switch,PlatinumGames,Nintendo,"February 16, 2018",1240000
Bayonetta 2,Switch,PlatinumGames,Nintendo,"February 16, 2018",1230000
Dark Souls Remastered,Switch,FromSoftware,Bandai Namco Entertainment,"October 19, 2018",1150000
Game Builder Garage,Switch,Nintendo EPD,Nintendo,"June 11, 2021",1150000
Shin Megami Tensei V,Switch,Atlus,JP: AtlusNA: SegaPAL: Nintendo,"November 11, 2021",1100000
Metroid Prime Remastered,Switch,Retro Studios,Nintendo,"February 8, 2023",1090000
Bayonetta 3,Switch,PlatinumGames,Nintendo,"October 28, 2022",1070000
Mario & Sonic at the Olympic Games Tokyo 2020,Switch,Sega,Sega,"November 1, 2019",1020000
Dragon Quest Monsters: The Dark Prince,Switch,Tose,Square Enix,"December 1, 2023",1000000
Enter the Gungeon,Switch,Dodge Roll,Devolver Digital,"December 14, 2017",1000000
Fire Emblem Warriors: Three Hopes,Switch,Omega Force,JP: Koei TecmoNA/PAL: Nintendo,"June 24, 2022",1000000
Fitness Boxing,Switch,Imagineer,JP: ImagineerNA/PAL: Nintendo,"December 20, 2018",1000000
Fitness Boxing 2: Rhythm and Exercise,Switch,Imagineer,JP: ImagineerNA/PAL: Nintendo,"December 4, 2020",1000000
Momotaro Dentetsu World: Chikyuu wa Kibou de Mawatteru!,Switch,Konami,JP: Konami,"November 16, 2023",1000000
Story of Seasons: Pioneers of Olive Town,Switch,Marvelous,Xseed Games,"February 25, 2021",1000000
Thief Simulator,Switch,Noble Muffins,Forever Entertainment,"May 19, 2019",1000000
